n_paths,n_steps,n_steps_per_year,rms_ours,time_ours,rms_islah,time_islah,rms_euler,time_euler
8000,20,5,0.014797212114420451,0.2946262999985265,0.022711325149779055,0.3652834000022267,0.01598482002286765,0.047738599999320286
16000,40,10,0.015841715704198293,1.1252177999995183,0.016893305741071712,1.3993663999999626,0.014886576368653976,0.17938909999975294
32000,80,20,0.011687953401002087,4.833786300000611,0.003588687196509497,5.976499099999273,0.010764266688952914,0.699624899997616
64000,160,40,0.006636736565435048,18.635435700000016,0.005630026545620232,22.045217100001537,0.01019602545660882,2.920632999999725
