n_paths,n_steps,n_steps_per_year,rms_ours,time_ours,rms_islah,time_islah,rms_euler,time_euler
8000,20,5,0.01772323025757608,0.15439554397016764,0.01947625741734941,0.16795970703242347,0.01538181732042122,0.021158665942493826
16000,40,10,0.01245582597258309,0.5847495419438928,0.02066656517353505,0.6441626260057092,0.0144378567203114,0.08013037499040365
32000,80,20,0.008223753324694048,2.2303873748751357,0.016451337219674952,2.4663963759085163,0.011137956265935308,0.30746295797871426
64000,160,40,0.00947964157494815,8.440250292012934,0.009757026412093821,9.40544412494637,0.010691918558889239,1.1857081269845366
